t_epoch,total_pin_cache_mb,total_pinned_mb,loaded_ram_mb,max_pinned_mb,n_dyn_models
1791498808.702,0.0,0.0,0.0,8178.043,0
1791498809.703,0.0,0.0,0.0,8178.043,0
1791498810.705,0.0,0.0,0.0,8178.043,0
1791498811.706,0.0,0.0,0.0,8178.043,0
1791498812.707,0.0,0.0,0.0,8178.043,0
1791498813.708,0.0,0.0,0.0,8178.043,0
1791498814.831,0.0,0.0,0.0,8178.043,0
1791498815.831,0.0,0.0,0.0,8178.043,0
1791498816.833,0.0,0.0,0.0,8178.043,0
1791498817.834,0.0,0.0,0.0,8178.043,0
1791498818.835,72.375,0.0,72.375,8178.043,1
1791498819.836,236.812,0.0,236.812,8178.043,2
1791498820.837,264.331,0.0,264.331,8178.043,2
1791498821.839,744.887,0.0,744.887,8178.043,2
1791498822.840,1609.452,0.0,1609.452,8178.043,2
1791498823.841,1859.943,0.0,1859.943,8178.043,2
1791498824.843,1875.927,0.0,1875.927,8178.043,2
1791498825.844,1958.984,0.0,1958.984,8178.043,3
1791498826.845,1970.28,0.0,1970.28,8178.043,3
1791498827.865,0.0,0.0,0.0,8178.043,0
1791498828.867,1483.75,0.0,1483.75,8178.043,1
1791498829.868,2585.098,0.0,2585.098,8178.043,1
1791498830.869,4069.297,0.0,4069.297,8178.043,1
1791498831.870,5718.73,0.0,5718.73,8178.043,1
1791498832.871,7410.742,0.0,7410.742,8178.043,1
1791498833.873,7876.211,0.0,7876.211,8178.043,1
1791498834.874,8046.465,0.0,8046.465,8178.043,1
1791498835.876,7876.289,0.0,7876.289,8178.043,1
1791498836.877,7876.211,0.0,7876.211,8178.043,1
1791498837.879,7874.918,0.0,7874.918,8178.043,2
1791498838.943,7841.449,0.0,7841.449,8178.043,2
1791498839.944,8100.695,0.0,8100.695,8178.043,2
1791498840.945,8025.329,0.0,8025.329,8178.043,2
1791498841.960,7841.449,0.0,7841.449,8178.043,2
1791498842.961,8025.329,0.0,8025.329,8178.043,2
1791498843.962,7841.449,0.0,7841.449,8178.043,2
1791498844.963,8025.329,0.0,8025.329,8178.043,2
1791498845.965,8025.329,0.0,8025.329,8178.043,2
1791498846.966,7841.449,0.0,7841.449,8178.043,2
1791498847.967,8025.329,0.0,8025.329,8178.043,2
1791498848.968,8025.329,0.0,8025.329,8178.043,2
1791498849.969,7841.449,0.0,7841.449,8178.043,2
1791498850.971,8025.329,0.0,8025.329,8178.043,2
1791498851.972,7878.22,0.0,7878.22,8178.043,2
1791498852.973,8025.329,0.0,8025.329,8178.043,2
1791498853.975,7731.117,0.0,7731.117,8178.043,2
1791498854.977,8025.329,0.0,8025.329,8178.043,2
1791498855.978,7878.22,0.0,7878.22,8178.043,2
1791498856.980,8025.329,0.0,8025.329,8178.043,2
1791498857.981,8098.85,0.0,8098.85,8178.043,2
1791498858.983,7878.22,0.0,7878.22,8178.043,2
1791498859.983,7878.22,0.0,7878.22,8178.043,2
1791498860.984,8100.688,0.0,8100.688,8178.043,2
1791498861.986,7878.227,0.0,7878.227,8178.043,2
1791498862.987,8100.695,0.0,8100.695,8178.043,2
1791498863.988,8100.688,0.0,8100.688,8178.043,2
1791498864.990,8063.918,0.0,8063.918,8178.043,2
1791498865.991,7951.74,0.0,7951.74,8178.043,2
1791498866.992,7841.449,0.0,7841.449,8178.043,2
1791498867.993,8063.918,0.0,8063.918,8178.043,2
1791498868.994,7951.74,0.0,7951.74,8178.043,2
1791498869.995,7878.22,0.0,7878.22,8178.043,2
1791498870.996,7731.117,0.0,7731.117,8178.043,2
1791498871.998,8100.688,0.0,8100.688,8178.043,2
1791498872.999,8100.695,0.0,8100.695,8178.043,2
1791498874.000,8063.925,0.0,8063.925,8178.043,2
1791498875.002,7878.227,0.0,7878.227,8178.043,2
1791498876.003,8100.369,0.0,8100.369,8178.043,2
1791498877.004,7953.586,0.0,7953.586,8178.043,2
1791498878.006,7878.22,0.0,7878.22,8178.043,2
1791498879.007,8100.695,0.0,8100.695,8178.043,2
1791498880.008,7841.449,0.0,7841.449,8178.043,2
1791498881.009,8174.209,0.0,8174.209,8178.043,2
1791498882.010,8100.688,0.0,8100.688,8178.043,2
1791498883.011,7878.22,0.0,7878.22,8178.043,2
1791498884.012,8174.209,0.0,8174.209,8178.043,2
1791498885.014,8100.688,0.0,8100.688,8178.043,2
1791498886.015,7953.586,0.0,7953.586,8178.043,2
1791498887.016,7878.22,0.0,7878.22,8178.043,2
1791498888.018,7841.449,0.0,7841.449,8178.043,2
1791498889.019,7878.22,0.0,7878.22,8178.043,2
1791498890.020,8025.329,0.0,8025.329,8178.043,2
1791498891.021,7878.22,0.0,7878.22,8178.043,2
1791498892.022,8100.369,0.0,8100.369,8178.043,2
1791498893.023,8063.918,0.0,8063.918,8178.043,2
1791498894.024,8063.925,0.0,8063.925,8178.043,2
1791498895.026,7878.227,0.0,7878.227,8178.043,2
1791498896.027,7951.74,0.0,7951.74,8178.043,2
1791498897.028,7878.22,0.0,7878.22,8178.043,2
1791498898.029,8174.209,0.0,8174.209,8178.043,2
1791498899.031,7951.74,0.0,7951.74,8178.043,2
1791498900.032,7878.22,0.0,7878.22,8178.043,2
1791498901.033,7731.117,0.0,7731.117,8178.043,2
1791498902.034,8100.688,0.0,8100.688,8178.043,2
1791498903.036,8063.918,0.0,8063.918,8178.043,2
1791498904.037,7841.449,0.0,7841.449,8178.043,2
1791498905.039,8063.925,0.0,8063.925,8178.043,2
1791498906.040,7878.227,0.0,7878.227,8178.043,2
1791498907.041,8100.695,0.0,8100.695,8178.043,2
1791498908.043,7951.747,0.0,7951.747,8178.043,2
1791498909.045,7841.449,0.0,7841.449,8178.043,2
1791498910.046,8100.695,0.0,8100.695,8178.043,2
1791498911.047,8025.329,0.0,8025.329,8178.043,2
1791498912.048,8100.688,0.0,8100.688,8178.043,2
1791498913.050,8100.688,0.0,8100.688,8178.043,2
1791498914.051,7841.449,0.0,7841.449,8178.043,2
1791498915.052,8174.209,0.0,8174.209,8178.043,2
1791498916.054,8100.688,0.0,8100.688,8178.043,2
1791498917.055,7953.586,0.0,7953.586,8178.043,2
1791498918.056,8176.055,0.0,8176.055,8178.043,2
1791498919.057,8100.688,0.0,8100.688,8178.043,2
1791498920.058,8063.918,0.0,8063.918,8178.043,2
1791498921.060,8098.85,0.0,8098.85,8178.043,2
1791498922.061,7878.22,0.0,7878.22,8178.043,2
1791498923.062,8025.329,0.0,8025.329,8178.043,2
1791498924.063,7841.449,0.0,7841.449,8178.043,2
1791498925.065,7878.22,0.0,7878.22,8178.043,2
1791498926.066,7878.227,0.0,7878.227,8178.043,2
1791498927.067,8063.925,0.0,8063.925,8178.043,2
1791498928.068,8100.695,0.0,8100.695,8178.043,2
1791498929.070,8100.688,0.0,8100.688,8178.043,2
1791498930.071,7951.74,0.0,7951.74,8178.043,2
1791498931.072,7841.449,0.0,7841.449,8178.043,2
1791498932.073,8100.688,0.0,8100.688,8178.043,2
1791498933.074,7953.586,0.0,7953.586,8178.043,2
1791498934.075,7878.22,0.0,7878.22,8178.043,2
1791498935.076,8176.055,0.0,8176.055,8178.043,2
1791498936.077,8063.918,0.0,8063.918,8178.043,2
1791498937.079,8063.925,0.0,8063.925,8178.043,2
1791498938.080,7951.747,0.0,7951.747,8178.043,2
1791498939.081,8100.695,0.0,8100.695,8178.043,2
1791498940.098,8063.925,0.0,8063.925,8178.043,2
1791498941.099,7878.22,0.0,7878.22,8178.043,2
1791498942.101,8174.209,0.0,8174.209,8178.043,2
1791498943.102,7878.22,0.0,7878.22,8178.043,2
1791498944.103,7841.449,0.0,7841.449,8178.043,2
1791498945.104,8174.209,0.0,8174.209,8178.043,2
1791498946.105,7878.22,0.0,7878.22,8178.043,2
1791498947.106,7841.449,0.0,7841.449,8178.043,2
1791498948.108,8174.209,0.0,8174.209,8178.043,2
1791498949.109,8100.688,0.0,8100.688,8178.043,2
1791498950.111,7878.22,0.0,7878.22,8178.043,2
1791498951.112,8176.055,0.0,8176.055,8178.043,2
1791498952.113,8100.688,0.0,8100.688,8178.043,2
1791498953.114,8098.85,0.0,8098.85,8178.043,2
1791498954.115,7878.22,0.0,7878.22,8178.043,2
1791498955.117,8025.329,0.0,8025.329,8178.043,2
1791498956.118,7731.117,0.0,7731.117,8178.043,2
1791498957.119,7951.74,0.0,7951.74,8178.043,2
1791498958.120,7878.22,0.0,7878.22,8178.043,2
1791498959.121,7878.227,0.0,7878.227,8178.043,2
1791498960.122,8100.695,0.0,8100.695,8178.043,2
1791498961.123,8100.688,0.0,8100.688,8178.043,2
1791498962.124,7951.74,0.0,7951.74,8178.043,2
1791498963.126,7841.449,0.0,7841.449,8178.043,2
1791498964.128,8100.688,0.0,8100.688,8178.043,2
1791498965.129,8100.688,0.0,8100.688,8178.043,2
1791498966.130,7951.74,0.0,7951.74,8178.043,2
1791498967.131,7841.449,0.0,7841.449,8178.043,2
1791498968.132,8100.688,0.0,8100.688,8178.043,2
1791498969.133,8063.918,0.0,8063.918,8178.043,2
1791498970.135,7878.227,0.0,7878.227,8178.043,2
1791498971.136,8063.925,0.0,8063.925,8178.043,2
1791498972.137,8100.695,0.0,8100.695,8178.043,2
1791498973.139,7953.267,0.0,7953.267,8178.043,2
1791498974.152,8080.552,0.0,8080.552,8178.043,3
1791498975.153,8167.825,0.0,8167.825,8178.043,3
1791498976.155,7894.929,0.0,7894.929,8178.043,3
1791498977.156,7901.119,0.0,7901.119,8178.043,3
1791498978.157,7902.733,0.0,7902.733,8178.043,3
1791498979.158,7902.953,0.0,7902.953,8178.043,3
1791498980.159,8031.102,0.0,8031.102,8178.043,4
1791498981.160,8043.246,0.0,8043.246,8178.043,4
1791498982.162,8171.297,0.0,8171.297,8178.043,4
1791498983.163,8171.297,0.0,8171.297,8178.043,4
1791498984.164,8087.256,0.0,8087.256,8178.043,4
1791498985.165,8087.256,0.0,8087.256,8178.043,4
1791498986.166,8087.256,0.0,8087.256,8178.043,4
1791498987.167,8087.256,0.0,8087.256,8178.043,4
1791498988.169,8087.256,0.0,8087.256,8178.043,4
1791498989.169,8087.256,0.0,8087.256,8178.043,4
1791498990.170,8087.256,0.0,8087.256,8178.043,4
1791498991.171,8087.256,0.0,8087.256,8178.043,4
1791498992.172,8087.256,0.0,8087.256,8178.043,4
1791498993.173,8087.256,0.0,8087.256,8178.043,4
1791498994.175,8087.256,0.0,8087.256,8178.043,4
1791498995.176,8087.256,0.0,8087.256,8178.043,4
1791498996.178,8087.256,0.0,8087.256,8178.043,4
1791498997.179,8087.256,0.0,8087.256,8178.043,4
1791498998.180,8087.256,0.0,8087.256,8178.043,4
1791498999.182,8087.256,0.0,8087.256,8178.043,4
1791499000.183,8087.256,0.0,8087.256,8178.043,4
1791499001.185,8087.256,0.0,8087.256,8178.043,4
