t_epoch,avail_mb,used_mb,mem_percent,commit_limit_mb,commit_avail_mb,commit_used_mb,commit_pct,proc_rss_mb
1791498437.752,10346.1,22366.1,68.4,43464.2,9286.3,34177.9,78.63,9612.8
1791498439.753,7963.8,24748.4,75.7,43464.2,5177.9,38286.2,88.09,12018.5
1791498441.753,8028.5,24683.7,75.5,43464.2,5251.6,38212.5,87.92,11886.8
1791498443.754,8183.3,24528.9,75.0,43464.2,7018.2,36445.9,83.85,11710.3
1791498445.754,8006.9,24705.3,75.5,43464.2,6056.3,37407.9,86.07,11841.1
1791498447.755,8072.4,24639.8,75.3,43464.2,6133.5,37330.7,85.89,11806.6
1791498449.755,8062.4,24649.8,75.4,43464.2,6157.9,37306.3,85.83,11806.5
1791498451.756,20253.0,12459.2,38.1,43464.2,29544.6,13919.6,32.03,
1791498453.757,20269.2,12443.0,38.0,43464.2,29559.5,13904.7,31.99,
1791498455.757,20267.1,12445.0,38.0,43464.2,29552.3,13911.9,32.01,
1791498457.758,20257.3,12454.9,38.1,43464.2,29539.4,13924.8,32.04,
1791498459.759,20245.3,12466.9,38.1,43464.2,29506.6,13957.5,32.11,
1791498461.759,20249.8,12462.3,38.1,43464.2,29508.7,13955.5,32.11,
1791498463.759,20240.7,12471.5,38.1,43464.2,29500.5,13963.7,32.13,
1791498465.760,20233.0,12479.2,38.1,43464.2,29497.1,13967.1,32.13,
1791498467.760,20234.4,12477.8,38.1,43464.2,29483.8,13980.4,32.17,
1791498469.761,20229.2,12483.0,38.2,43464.2,29475.4,13988.7,32.18,
1791498471.761,20226.1,12486.1,38.2,43464.2,29472.5,13991.7,32.19,
1791498473.761,20217.3,12494.9,38.2,43464.2,29463.2,14000.9,32.21,
1791498475.762,20208.0,12504.1,38.2,43464.2,29453.2,14011.0,32.24,
1791498477.762,20203.3,12508.8,38.2,43464.2,29448.8,14015.4,32.25,
1791498479.763,20201.5,12510.7,38.2,43464.2,29446.8,14017.4,32.25,
1791498481.763,20193.9,12518.3,38.3,43464.2,29438.6,14025.5,32.27,
1791498483.763,20180.6,12531.6,38.3,43464.2,29427.4,14036.7,32.29,
1791498485.764,20177.1,12535.0,38.3,43464.2,29424.3,14039.8,32.3,
1791498487.764,20172.2,12540.0,38.3,43464.2,29416.9,14047.2,32.32,
1791498489.765,20168.4,12543.8,38.3,43464.2,29418.0,14046.1,32.32,
1791498491.765,20157.7,12554.5,38.4,43464.2,29410.3,14053.8,32.33,
1791498493.766,20150.0,12562.2,38.4,43464.2,29399.3,14064.9,32.36,
1791498495.767,20129.1,12583.1,38.5,43464.2,29359.8,14104.3,32.45,
1791498497.767,20107.0,12605.2,38.5,43464.2,29352.8,14111.4,32.47,
1791498499.768,20092.3,12619.8,38.6,43464.2,29337.9,14126.3,32.5,
1791498501.769,20085.5,12626.7,38.6,43464.2,29332.0,14132.2,32.51,
1791498503.769,20074.5,12637.7,38.6,43464.2,29319.9,14144.2,32.54,
1791498505.770,20072.6,12639.6,38.6,43464.2,29321.4,14142.8,32.54,
1791498507.770,20066.8,12645.4,38.7,43464.2,29311.9,14152.3,32.56,
1791498509.771,20057.0,12655.2,38.7,43464.2,29320.1,14144.1,32.54,
1791498511.771,20049.2,12663.0,38.7,43464.2,29306.1,14158.1,32.57,
1791498513.772,20046.1,12666.1,38.7,43464.2,29305.4,14158.8,32.58,
1791498515.772,19993.4,12718.8,38.9,43464.2,29262.4,14201.8,32.67,
1791498517.773,20028.8,12683.4,38.8,43464.2,29297.7,14166.5,32.59,
1791498519.773,21215.6,11496.6,35.1,43464.2,30473.3,12990.8,29.89,
1791498521.773,21209.4,11502.8,35.2,43464.2,30467.5,12996.7,29.9,
1791498523.774,21194.8,11517.4,35.2,43464.2,30457.5,13006.7,29.93,
1791498525.775,21222.4,11489.7,35.1,43464.2,30484.2,12980.0,29.86,
1791498527.775,21207.9,11504.3,35.2,43464.2,30449.5,13014.7,29.94,
1791498529.776,21242.2,11469.9,35.1,43464.2,30504.8,12959.3,29.82,
1791498531.776,21233.9,11478.3,35.1,43464.2,30486.3,12977.8,29.86,
1791498533.777,21237.8,11474.4,35.1,43464.2,30497.6,12966.6,29.83,
1791498535.777,21235.3,11476.9,35.1,43464.2,30494.6,12969.6,29.84,
1791498537.778,21253.7,11458.5,35.0,43464.2,30517.2,12947.0,29.79,
1791498539.778,21252.4,11459.7,35.0,43464.2,30505.1,12959.1,29.82,
1791498541.779,21232.4,11479.8,35.1,43464.2,30490.2,12974.0,29.85,
1791498543.779,21253.4,11458.7,35.0,43464.2,30507.0,12957.1,29.81,
1791498545.780,21253.3,11458.8,35.0,43464.2,30516.6,12947.5,29.79,
1791498547.780,21242.9,11469.3,35.1,43464.2,30505.7,12958.5,29.81,
1791498549.781,21234.4,11477.8,35.1,43464.2,30496.0,12968.2,29.84,
1791498551.781,21249.7,11462.4,35.0,43464.2,30516.6,12947.6,29.79,
1791498553.782,21252.9,11459.3,35.0,43464.2,30520.8,12943.4,29.78,
1791498555.782,21198.1,11514.1,35.2,43464.2,30458.3,13005.9,29.92,
1791498557.783,20938.9,11773.3,36.0,43464.2,29870.7,13593.5,31.28,
1791498559.784,20748.3,11963.8,36.6,43464.2,29242.5,14221.7,32.72,
1791498561.784,20651.5,12060.7,36.9,43464.2,28764.5,14699.7,33.82,
1791498563.785,20633.7,12078.5,36.9,43464.2,28748.6,14715.6,33.86,
1791498565.785,20576.2,12135.9,37.1,43464.2,28711.3,14752.8,33.94,
1791498567.785,20510.8,12201.4,37.3,43464.2,28619.5,14844.7,34.15,
1791498569.786,20452.8,12259.4,37.5,43464.2,28571.4,14892.8,34.26,
1791498571.787,18991.5,13720.6,41.9,43464.2,25842.0,17622.1,40.54,
1791498573.787,17788.7,14923.4,45.6,43464.2,23523.4,19940.7,45.88,
1791498575.788,17753.5,14958.7,45.7,43464.2,22406.4,21057.8,48.45,
1791498577.788,17673.2,15038.9,46.0,43464.2,21977.5,21486.7,49.44,
1791498579.788,17047.9,15664.2,47.9,43464.2,22191.9,21272.3,48.94,
1791498581.789,17194.7,15517.5,47.4,43464.2,19615.6,23848.6,54.87,
1791498583.789,17151.5,15560.7,47.6,43464.2,16124.8,27339.4,62.9,
1791498585.790,16542.9,16169.3,49.4,43464.2,16234.6,27229.5,62.65,
1791498587.790,15834.7,16877.4,51.6,43464.2,17391.1,26073.1,59.99,
1791498589.791,15804.3,16907.8,51.7,43464.2,19922.8,23541.4,54.16,
1791498591.791,15793.8,16918.4,51.7,43464.2,17839.7,25624.5,58.96,
1791498593.792,15780.7,16931.4,51.8,43464.2,15631.9,27832.2,64.03,
1791498595.792,15758.6,16953.5,51.8,43464.2,18074.2,25390.0,58.42,
1791498597.793,15744.8,16967.4,51.9,43464.2,15846.1,27618.1,63.54,
1791498599.793,15737.5,16974.7,51.9,43464.2,19158.2,24305.9,55.92,
1791498601.794,15716.5,16995.6,52.0,43464.2,16754.6,26709.6,61.45,
1791498603.795,15697.3,17014.9,52.0,43464.2,19483.0,23981.1,55.17,
1791498605.795,15557.3,17154.9,52.4,43464.2,16748.6,26715.6,61.47,
1791498607.796,15564.6,17147.6,52.4,43464.2,19794.3,23669.9,54.46,
1791498609.796,15559.1,17153.1,52.4,43464.2,17514.3,25949.9,59.7,
1791498611.796,15550.5,17161.7,52.5,43464.2,15138.4,28325.8,65.17,
1791498613.797,15564.5,17147.7,52.4,43464.2,18247.8,25216.4,58.02,
1791498615.797,15563.7,17148.5,52.4,43464.2,15942.2,27522.0,63.32,
1791498617.798,15590.8,17121.4,52.3,43464.2,19257.3,24206.9,55.69,
1791498619.798,15606.8,17105.3,52.3,43464.2,16879.2,26585.0,61.17,
1791498621.798,15597.6,17114.6,52.3,43464.2,20046.7,23417.5,53.88,
1791498623.799,15603.3,17108.9,52.3,43464.2,17288.6,26175.6,60.22,
1791498625.799,15606.1,17106.1,52.3,43464.2,15140.0,28324.1,65.17,
1791498627.800,15605.7,17106.5,52.3,43464.2,18349.4,25114.8,57.78,
1791498629.800,15591.3,17120.9,52.3,43464.2,15926.0,27538.1,63.36,
1791498631.800,15654.2,17058.0,52.1,43464.2,19392.1,24072.1,55.38,
1791498633.801,15656.3,17055.9,52.1,43464.2,17309.7,26154.4,60.17,
1791498635.802,15664.4,17047.8,52.1,43464.2,19985.9,23478.3,54.02,
1791498637.802,15666.3,17045.8,52.1,43464.2,18063.5,25400.7,58.44,
1791498639.802,15704.0,17008.2,52.0,43464.2,16077.4,27386.7,63.01,
1791498641.803,15702.6,17009.5,52.0,43464.2,18878.6,24585.6,56.57,
1791498643.803,15723.8,16988.4,51.9,43464.2,16757.6,26706.6,61.45,
1791498645.804,15722.8,16989.4,51.9,43464.2,20225.0,23239.2,53.47,
1791498647.804,15704.1,17008.1,52.0,43464.2,18194.8,25269.3,58.14,
1791498649.805,15703.8,17008.4,52.0,43464.2,16170.3,27293.9,62.8,
1791498651.805,15710.6,17001.6,52.0,43464.2,19416.0,24048.2,55.33,
1791498653.806,15712.7,16999.5,52.0,43464.2,17303.2,26161.0,60.19,
1791498655.806,15685.8,17026.4,52.0,43464.2,15397.3,28066.9,64.57,
1791498657.807,15689.0,17023.1,52.0,43464.2,18956.6,24507.5,56.39,
1791498659.807,15714.7,16997.5,52.0,43464.2,16891.1,26573.1,61.14,
1791498661.808,15710.6,17001.5,52.0,43464.2,19928.3,23535.9,54.15,
1791498663.808,15703.2,17008.9,52.0,43464.2,17884.4,25579.7,58.85,
1791498665.809,15705.5,17006.7,52.0,43464.2,15877.7,27586.4,63.47,
1791498667.809,15723.2,16988.9,51.9,43464.2,19096.9,24367.3,56.06,
1791498669.809,15717.2,16995.0,52.0,43464.2,17095.3,26368.9,60.67,
1791498671.810,15718.6,16993.5,51.9,43464.2,19854.6,23609.6,54.32,
1791498673.810,15721.6,16990.6,51.9,43464.2,18199.6,25264.6,58.13,
1791498675.811,15728.0,16984.1,51.9,43464.2,16343.7,27120.5,62.4,
1791498677.811,15724.5,16987.7,51.9,43464.2,19642.5,23821.6,54.81,
1791498679.812,15713.9,16998.3,52.0,43464.2,17386.2,26078.0,60.0,
1791498681.812,15727.3,16984.9,51.9,43464.2,15666.1,27798.1,63.96,
1791498683.812,15736.8,16975.4,51.9,43464.2,18711.9,24752.3,56.95,
1791498685.813,15746.4,16965.8,51.9,43464.2,16829.3,26634.9,61.28,
1791498687.813,15746.1,16966.1,51.9,43464.2,15508.2,27955.9,64.32,
1791498689.814,15736.2,16976.0,51.9,43464.2,19188.4,24275.7,55.85,
1791498691.814,15745.4,16966.7,51.9,43464.2,17167.7,26296.4,60.5,
1791498693.814,15738.1,16974.1,51.9,43464.2,15182.1,28282.1,65.07,
1791498695.815,15729.9,16982.3,51.9,43464.2,17972.8,25491.4,58.65,
1791498697.815,15740.5,16971.7,51.9,43464.2,16242.5,27221.7,62.63,
1791498699.816,15755.8,16956.4,51.8,43464.2,19110.3,24353.9,56.03,
1791498701.816,15758.7,16953.5,51.8,43464.2,16963.2,26501.0,60.97,
1791498703.817,15757.7,16954.4,51.8,43464.2,15261.3,28202.9,64.89,
1791498705.818,15759.4,16952.8,51.8,43464.2,18753.9,24710.3,56.85,
1791498707.818,15760.7,16951.4,51.8,43464.2,16726.3,26737.9,61.52,
1791498709.818,15747.1,16965.1,51.9,43464.2,20279.4,23184.8,53.34,
1791498711.819,15770.6,16941.6,51.8,43464.2,18179.2,25285.0,58.17,
1791498713.819,15771.8,16940.4,51.8,43464.2,16225.3,27238.8,62.67,
1791498715.820,15765.2,16947.0,51.8,43464.2,19370.4,24093.8,55.43,
1791498717.820,15750.9,16961.2,51.8,43464.2,17559.4,25904.8,59.6,
1791498719.821,15753.0,16959.2,51.8,43464.2,19966.6,23497.5,54.06,
1791498721.821,15752.9,16959.3,51.8,43464.2,18203.2,25260.9,58.12,
1791498723.822,15761.8,16950.4,51.8,43464.2,16102.5,27361.6,62.95,
1791498725.822,15744.4,16967.8,51.9,43464.2,19644.2,23819.9,54.8,
1791498727.823,15736.4,16975.8,51.9,43464.2,17757.7,25706.5,59.14,
1791498729.823,15749.6,16962.6,51.9,43464.2,15613.3,27850.9,64.08,
1791498731.824,15739.9,16972.3,51.9,43464.2,18971.5,24492.6,56.35,
1791498733.824,15765.5,16946.7,51.8,43464.2,17126.2,26338.0,60.6,
1791498735.825,15759.2,16953.0,51.8,43464.2,20491.9,22972.3,52.85,
1791498737.826,15774.1,16938.0,51.8,43464.2,21853.5,21610.6,49.72,
1791498739.827,15771.9,16940.2,51.8,43464.2,21728.7,21735.5,50.01,
1791498741.827,15766.4,16945.8,51.8,43464.2,21660.0,21804.2,50.17,
1791498743.828,15432.4,17279.8,52.8,43464.2,19359.2,24104.9,55.46,
1791498745.828,15396.9,17315.2,52.9,43464.2,16946.5,26517.7,61.01,
1791498747.829,15386.8,17325.4,53.0,43464.2,15480.6,27983.6,64.38,
1791498749.829,15213.8,17498.4,53.5,43464.2,15478.4,27985.7,64.39,
1791498751.830,15206.1,17506.1,53.5,43464.2,15643.3,27820.9,64.01,
1791498753.830,15056.0,17656.2,54.0,43464.2,15640.0,27824.2,64.02,
1791498755.830,15056.0,17656.1,54.0,43464.2,15639.0,27825.1,64.02,
1791498757.831,14893.2,17819.0,54.5,43464.2,15637.7,27826.5,64.02,
1791498759.831,14892.3,17819.9,54.5,43464.2,15734.1,27730.1,63.8,
1791498761.832,14730.3,17981.8,55.0,43464.2,15036.4,28427.8,65.41,
1791498763.832,13913.4,18798.8,57.5,43464.2,14808.7,28655.4,65.93,
1791498765.833,13926.8,18785.3,57.4,43464.2,14896.8,28567.4,65.73,
1791498767.833,15379.8,17332.4,53.0,43464.2,16719.1,26745.1,61.53,
1791498769.834,21328.1,11384.1,34.8,43464.2,30586.3,12877.9,29.63,
1791498771.835,21320.4,11391.8,34.8,43464.2,30579.2,12885.0,29.64,
1791498773.835,21292.2,11420.0,34.9,43464.2,30541.6,12922.5,29.73,
1791498775.836,21294.3,11417.9,34.9,43464.2,30558.5,12905.7,29.69,
1791498777.836,21285.2,11426.9,34.9,43464.2,30547.5,12916.7,29.72,
1791498779.837,21276.2,11435.9,35.0,43464.2,30532.9,12931.2,29.75,
1791498781.837,21304.8,11407.4,34.9,43464.2,30572.5,12891.7,29.66,
1791498783.838,21304.2,11408.0,34.9,43464.2,30570.4,12893.8,29.67,
1791498785.839,21296.5,11415.7,34.9,43464.2,30561.8,12902.4,29.69,
1791498787.839,21292.5,11419.7,34.9,43464.2,30553.9,12910.3,29.7,
1791498789.840,21284.5,11427.7,34.9,43464.2,30540.4,12923.8,29.73,
1791498791.840,21288.7,11423.4,34.9,43464.2,30554.5,12909.6,29.7,
1791498793.841,21287.8,11424.4,34.9,43464.2,30551.2,12913.0,29.71,
1791498795.842,21286.5,11425.6,34.9,43464.2,30550.7,12913.4,29.71,
1791498797.842,21285.0,11427.2,34.9,43464.2,30545.8,12918.4,29.72,
1791498799.843,21292.9,11419.3,34.9,43464.2,30552.9,12911.3,29.71,
1791498801.843,21280.8,11431.3,34.9,43464.2,30540.0,12924.1,29.74,
1791498803.844,21188.9,11523.2,35.2,43464.2,30440.6,13023.5,29.96,
1791498805.844,20881.2,11831.0,36.2,43464.2,29808.2,13656.0,31.42,
1791498807.844,20698.1,12014.0,36.7,43464.2,29175.3,14288.8,32.87,
1791498809.845,20597.7,12114.4,37.0,43464.2,28699.6,14764.6,33.97,
1791498811.846,20599.7,12112.4,37.0,43464.2,28691.2,14773.0,33.99,
1791498813.846,20535.2,12176.9,37.2,43464.2,28636.8,14827.3,34.11,
1791498815.847,20457.9,12254.3,37.5,43464.2,28557.6,14906.6,34.3,
1791498817.847,20413.3,12298.8,37.6,43464.2,28520.6,14943.6,34.38,
1791498819.847,18649.4,14062.8,43.0,43464.2,25429.7,18034.4,41.49,
1791498821.848,17078.6,15633.6,47.8,43464.2,22631.3,20832.9,47.93,
1791498823.848,15926.0,16786.2,51.3,43464.2,20563.4,22900.8,52.69,
1791498825.849,15697.5,17014.7,52.0,43464.2,19978.3,23485.8,54.03,
1791498827.849,17114.3,15597.8,47.7,43464.2,22304.9,21159.3,48.68,
1791498829.849,14766.4,17945.7,54.9,43464.2,16852.9,26611.3,61.23,
1791498831.850,11554.3,21157.9,64.7,43464.2,10522.6,32941.6,75.79,
1791498833.850,9326.7,23385.4,71.5,43464.2,6512.3,36951.9,85.02,
1791498835.851,9252.2,23460.0,71.7,43464.2,6439.4,37024.8,85.18,
1791498837.851,9225.7,23486.5,71.8,43464.2,7995.3,35468.9,81.6,
1791498839.852,8199.9,24512.3,74.9,43464.2,8809.3,34654.9,79.73,
1791498841.852,8062.5,24649.7,75.4,43464.2,7622.6,35841.6,82.46,
1791498843.853,8032.5,24679.7,75.4,43464.2,7673.6,35790.6,82.34,
1791498845.853,8032.7,24679.4,75.4,43464.2,7681.7,35782.5,82.33,
1791498847.854,8139.1,24573.0,75.1,43464.2,7847.7,35616.4,81.94,
1791498849.854,7884.8,24827.4,75.9,43464.2,7613.5,35850.7,82.48,
1791498851.855,8099.2,24613.0,75.2,43464.2,7860.2,35604.0,81.92,
1791498853.856,7922.8,24789.4,75.8,43464.2,7686.0,35778.1,82.32,
1791498855.856,7865.7,24846.5,76.0,43464.2,7661.9,35802.3,82.37,
1791498857.857,7914.1,24798.1,75.8,43464.2,7674.0,35790.2,82.34,
1791498859.858,7930.0,24782.1,75.8,43464.2,7641.4,35822.8,82.42,
1791498861.858,7696.4,25015.8,76.5,43464.2,7371.1,36093.1,83.04,
1791498863.859,7786.0,24926.2,76.2,43464.2,7422.3,36041.8,82.92,
1791498865.859,8004.2,24708.0,75.5,43464.2,7619.7,35844.5,82.47,
1791498867.859,8028.8,24683.4,75.5,43464.2,7614.9,35849.3,82.48,
1791498869.860,7692.5,25019.7,76.5,43464.2,7281.1,36183.1,83.25,
1791498871.860,7812.9,24899.3,76.1,43464.2,7418.0,36046.2,82.93,
1791498873.861,7952.9,24759.3,75.7,43464.2,7575.9,35888.2,82.57,
1791498875.861,7937.4,24774.8,75.7,43464.2,7547.0,35917.2,82.64,
1791498877.862,7990.1,24722.1,75.6,43464.2,7505.6,35958.5,82.73,
1791498879.863,7786.2,24925.9,76.2,43464.2,7390.8,36073.3,83.0,
1791498881.863,7889.3,24822.8,75.9,43464.2,7495.4,35968.8,82.75,
1791498883.864,7780.2,24931.9,76.2,43464.2,7387.3,36076.9,83.0,
1791498885.864,7987.8,24724.4,75.6,43464.2,7588.4,35875.8,82.54,
1791498887.864,7804.1,24908.1,76.1,43464.2,7393.9,36070.3,82.99,
1791498889.865,7986.8,24725.4,75.6,43464.2,7581.3,35882.9,82.56,
1791498891.865,7861.2,24851.0,76.0,43464.2,7452.2,36012.0,82.85,
1791498893.866,7964.5,24747.7,75.7,43464.2,7570.2,35894.0,82.58,
1791498895.867,8027.1,24685.1,75.5,43464.2,7633.1,35831.1,82.44,
1791498897.867,7809.1,24903.1,76.1,43464.2,7398.9,36065.2,82.98,
1791498899.867,7718.3,24993.9,76.4,43464.2,7340.5,36123.7,83.11,
1791498901.868,7879.8,24832.4,75.9,43464.2,7431.1,36033.1,82.9,
1791498903.868,7799.4,24912.8,76.2,43464.2,7381.6,36082.6,83.02,
1791498905.869,7787.0,24925.1,76.2,43464.2,7385.3,36078.9,83.01,
1791498907.869,7880.1,24832.0,75.9,43464.2,7476.1,35988.0,82.8,
1791498909.870,7928.6,24783.6,75.8,43464.2,7523.3,35940.9,82.69,
1791498911.870,7932.8,24779.4,75.7,43464.2,7504.7,35959.4,82.73,
1791498913.871,7781.6,24930.6,76.2,43464.2,7349.0,36115.2,83.09,
1791498915.872,8094.5,24617.7,75.3,43464.2,7684.9,35779.3,82.32,
1791498917.872,7855.1,24857.1,76.0,43464.2,7447.9,36016.3,82.86,
1791498919.872,8064.0,24648.2,75.3,43464.2,7664.0,35800.2,82.37,
1791498921.873,8095.4,24616.8,75.3,43464.2,7576.0,35888.2,82.57,
1791498923.873,7922.1,24790.1,75.8,43464.2,7519.5,35944.7,82.7,
1791498925.874,7832.6,24879.6,76.1,43464.2,7443.4,36020.7,82.87,
1791498927.874,8011.6,24700.6,75.5,43464.2,7677.8,35786.4,82.34,
1791498929.875,8049.8,24662.3,75.4,43464.2,7673.4,35790.8,82.35,
1791498931.875,8077.1,24635.1,75.3,43464.2,7679.7,35784.5,82.33,
1791498933.876,7783.9,24928.3,76.2,43464.2,7375.7,36088.4,83.03,
1791498935.876,8053.8,24658.4,75.4,43464.2,7641.5,35822.7,82.42,
1791498937.877,7850.6,24861.6,76.0,43464.2,7441.2,36023.0,82.88,
1791498939.877,8009.6,24702.6,75.5,43464.2,7510.7,35953.5,82.72,
1791498941.878,8224.5,24487.6,74.9,43464.2,7610.6,35853.6,82.49,
1791498943.878,8260.7,24451.4,74.7,43464.2,7616.5,35847.7,82.48,
1791498945.879,7996.4,24715.8,75.6,43464.2,7386.7,36077.5,83.01,
1791498947.879,8194.3,24517.9,75.0,43464.2,7607.5,35856.6,82.5,
1791498949.880,8043.7,24668.5,75.4,43464.2,7317.4,36146.7,83.16,
1791498951.880,8272.0,24440.1,74.7,43464.2,7620.8,35843.4,82.47,
1791498953.881,8065.4,24646.7,75.3,43464.2,7389.6,36074.5,83.0,
1791498955.881,8292.7,24419.5,74.6,43464.2,7617.8,35846.3,82.47,
1791498957.882,8079.1,24633.1,75.3,43464.2,7403.4,36060.8,82.97,
1791498959.883,8252.5,24459.7,74.8,43464.2,7596.9,35867.3,82.52,
1791498961.883,8475.4,24236.7,74.1,43464.2,7727.2,35737.0,82.22,
1791498963.883,8244.0,24468.2,74.8,43464.2,7540.7,35923.5,82.65,
1791498965.884,8139.7,24572.4,75.1,43464.2,7406.7,36057.5,82.96,
1791498967.884,8328.8,24383.4,74.5,43464.2,7627.5,35836.7,82.45,
1791498969.885,8176.6,24535.5,75.0,43464.2,7431.9,36032.3,82.9,
1791498971.885,8308.9,24403.3,74.6,43464.2,7615.2,35848.9,82.48,
1791498973.886,8129.1,24583.0,75.1,43464.2,9724.1,33740.1,77.63,
1791498975.886,8335.4,24376.8,74.5,43464.2,9750.0,33714.1,77.57,
1791498977.886,8317.3,24394.8,74.6,43464.2,9665.8,33798.4,77.76,
1791498979.887,8179.9,24532.3,75.0,43464.2,8826.6,34637.6,79.69,
1791498981.887,7787.4,24924.8,76.2,43464.2,5199.1,38265.1,88.04,
1791498983.887,7485.8,25226.3,77.1,43464.2,4698.3,38765.8,89.19,
1791498985.888,7211.1,25501.1,78.0,43464.2,4551.7,38912.5,89.53,
1791498987.889,7210.8,25501.3,78.0,43464.2,4646.8,38817.4,89.31,
1791498989.889,7049.3,25662.9,78.5,43464.2,4645.5,38818.6,89.31,
1791498991.890,7051.4,25660.8,78.4,43464.2,4746.1,38718.1,89.08,
1791498993.890,7036.5,25675.7,78.5,43464.2,4647.1,38817.0,89.31,
1791498995.890,6889.8,25822.4,78.9,43464.2,4646.4,38817.8,89.31,
1791498997.891,6875.2,25836.9,79.0,43464.2,4648.1,38816.1,89.31,
1791498999.892,5800.3,26911.8,82.3,43464.2,4508.8,38955.4,89.63,
1791499001.892,5918.2,26793.9,81.9,43464.2,4859.4,38604.7,88.82,
1791499003.893,9765.4,22946.7,70.1,43464.2,18908.4,24555.8,56.5,
1791499005.893,21230.6,11481.5,35.1,43464.2,30491.0,12973.2,29.85,
1791499007.894,21261.8,11450.4,35.0,43464.2,30511.4,12952.8,29.8,
1791499009.894,21258.8,11453.4,35.0,43464.2,30512.0,12952.1,29.8,
1791499011.895,21234.9,11477.3,35.1,43464.2,30490.8,12973.3,29.85,
1791499013.895,21240.3,11471.9,35.1,43464.2,30500.2,12964.0,29.83,
1791499015.896,21264.7,11447.5,35.0,43464.2,30518.0,12946.1,29.79,
1791499017.896,21251.3,11460.9,35.0,43464.2,30515.0,12949.2,29.79,
1791499019.897,21217.8,11494.3,35.1,43464.2,30456.3,13007.9,29.93,
1791499021.897,21248.5,11463.7,35.0,43464.2,30510.8,12953.4,29.8,
1791499023.897,21249.4,11462.8,35.0,43464.2,30501.5,12962.6,29.82,
1791499025.898,21263.2,11448.9,35.0,43464.2,30516.3,12947.9,29.79,
1791499027.898,21257.6,11454.6,35.0,43464.2,30516.4,12947.8,29.79,
1791499029.899,21270.8,11441.3,35.0,43464.2,30528.8,12935.4,29.76,
1791499031.899,21243.9,11468.3,35.1,43464.2,30496.0,12968.2,29.84,
1791499033.899,20989.8,11722.4,35.8,43464.2,30237.0,13227.1,30.43,
1791499035.900,20763.2,11948.9,36.5,43464.2,29241.9,14222.3,32.72,
1791499037.900,20622.1,12090.0,37.0,43464.2,28728.5,14735.7,33.9,
1791499039.901,20588.3,12123.9,37.1,43464.2,28690.6,14773.5,33.99,
1791499041.901,20555.8,12156.4,37.2,43464.2,28685.8,14778.4,34.0,
1791499043.902,20508.8,12203.3,37.3,43464.2,28602.6,14861.5,34.19,
1791499045.902,20420.6,12291.6,37.6,43464.2,28537.0,14927.2,34.34,
1791499047.903,20050.7,12661.5,38.7,43464.2,27097.2,16366.9,37.66,
1791499049.903,17510.8,15201.4,46.5,43464.2,23766.4,19697.8,45.32,
1791499051.904,16126.5,16585.7,50.7,43464.2,20780.1,22684.1,52.19,
1791499053.904,15853.4,16858.8,51.5,43464.2,20480.8,22983.4,52.88,
1791499055.905,15612.4,17099.8,52.3,43464.2,19428.5,24035.7,55.3,
1791499057.905,16243.0,16469.2,50.3,43464.2,21394.7,22069.5,50.78,
1791499059.906,12919.9,19792.2,60.5,43464.2,13330.0,30134.2,69.33,
1791499061.906,9610.1,23102.0,70.6,43464.2,6924.2,36539.9,84.07,
1791499063.907,9020.3,23691.9,72.4,43464.2,6309.0,37155.1,85.48,
1791499065.907,9056.7,23655.5,72.3,43464.2,9498.9,33965.2,78.15,
1791499067.908,8744.6,23967.6,73.3,43464.2,7915.2,35549.0,81.79,
1791499069.908,8675.1,24037.0,73.5,43464.2,7356.6,36107.5,83.07,
1791499071.909,8855.7,23856.5,72.9,43464.2,7616.8,35847.4,82.48,
1791499073.909,8853.8,23858.4,72.9,43464.2,7597.8,35866.4,82.52,
1791499075.910,8679.0,24033.2,73.5,43464.2,7435.2,36029.0,82.89,
1791499077.910,8607.5,24104.7,73.7,43464.2,7378.1,36086.0,83.02,
1791499079.911,8793.5,23918.7,73.1,43464.2,7585.9,35878.3,82.55,
1791499081.912,8796.3,23915.9,73.1,43464.2,7728.5,35735.7,82.22,
1791499083.912,8632.6,24079.6,73.6,43464.2,7380.4,36083.8,83.02,
1791499085.913,8768.6,23943.6,73.2,43464.2,7617.7,35846.5,82.47,
1791499087.914,8355.4,24356.8,74.5,43464.2,7078.6,36385.6,83.71,
1791499089.915,8442.1,24270.0,74.2,43464.2,7158.9,36305.3,83.53,
1791499091.915,8440.1,24272.0,74.2,43464.2,7168.1,36296.0,83.51,
1791499093.915,8633.9,24078.3,73.6,43464.2,7383.9,36080.3,83.01,
1791499095.916,8346.6,24365.5,74.5,43464.2,7093.7,36370.5,83.68,
1791499097.916,8437.4,24274.8,74.2,43464.2,7192.4,36271.8,83.45,
1791499099.917,8530.3,24181.9,73.9,43464.2,7299.0,36165.2,83.21,
1791499101.917,8397.7,24314.5,74.3,43464.2,7175.5,36288.6,83.49,
1791499103.918,8458.9,24253.2,74.1,43464.2,7234.5,36229.7,83.36,
1791499105.918,8378.8,24333.4,74.4,43464.2,7156.4,36307.7,83.53,
1791499107.919,8605.0,24107.1,73.7,43464.2,7374.5,36089.7,83.03,
1791499109.919,8318.0,24394.2,74.6,43464.2,7082.0,36382.2,83.71,
1791499111.919,8520.3,24191.9,74.0,43464.2,7289.1,36175.1,83.23,
1791499113.920,8398.1,24314.1,74.3,43464.2,7160.7,36303.5,83.53,
1791499115.920,8397.5,24314.7,74.3,43464.2,7192.7,36271.5,83.45,
1791499117.921,8459.6,24252.6,74.1,43464.2,7221.7,36242.5,83.38,
1791499119.921,8386.9,24325.3,74.4,43464.2,7150.1,36314.1,83.55,
1791499121.921,8431.7,24280.5,74.2,43464.2,7192.3,36271.9,83.45,
1791499123.922,8672.3,24039.9,73.5,43464.2,7433.8,36030.4,82.9,
1791499125.923,8549.5,24162.6,73.9,43464.2,7302.7,36161.5,83.2,
1791499127.923,8421.2,24290.9,74.3,43464.2,7169.5,36294.6,83.5,
1791499129.924,8638.0,24074.1,73.6,43464.2,7390.8,36073.4,83.0,
1791499131.924,8593.4,24118.8,73.7,43464.2,7373.4,36090.8,83.04,
1791499133.925,8680.3,24031.9,73.5,43464.2,7383.1,36081.0,83.01,
1791499135.925,8525.4,24186.8,73.9,43464.2,7266.8,36197.3,83.28,
1791499137.925,8457.8,24254.4,74.1,43464.2,7208.7,36255.5,83.41,
1791499139.926,8682.4,24029.7,73.5,43464.2,7429.5,36034.7,82.91,
1791499141.927,8485.4,24226.7,74.1,43464.2,7239.0,36225.2,83.34,
1791499143.927,8677.0,24035.1,73.5,43464.2,7444.2,36020.0,82.87,
1791499145.928,8452.5,24259.6,74.2,43464.2,7200.2,36263.9,83.43,
1791499147.928,8672.4,24039.8,73.5,43464.2,7417.6,36046.6,82.93,
1791499149.928,8676.3,24035.9,73.5,43464.2,7427.7,36036.5,82.91,
1791499151.929,8599.7,24112.4,73.7,43464.2,7345.3,36118.8,83.1,
1791499153.929,8596.3,24115.9,73.7,43464.2,7340.1,36124.0,83.11,
1791499155.930,8395.5,24316.7,74.3,43464.2,7164.5,36299.7,83.52,
1791499157.930,8674.9,24037.3,73.5,43464.2,7416.7,36047.5,82.94,
1791499159.931,8474.9,24237.3,74.1,43464.2,7203.9,36260.3,83.43,
1791499161.931,8706.1,24006.0,73.4,43464.2,7450.4,36013.8,82.86,
1791499163.932,8461.0,24251.2,74.1,43464.2,7199.2,36265.0,83.44,
1791499165.932,8591.2,24120.9,73.7,43464.2,7235.6,36228.6,83.35,
1791499167.933,8605.0,24107.2,73.7,43464.2,7336.1,36128.1,83.12,
1791499169.933,8684.9,24027.3,73.5,43464.2,7429.5,36034.7,82.91,
1791499171.934,8476.8,24235.3,74.1,43464.2,7213.6,36250.5,83.4,
1791499173.934,8595.0,24117.2,73.7,43464.2,7340.1,36124.1,83.11,
1791499175.935,8463.1,24249.1,74.1,43464.2,7210.9,36253.3,83.41,
1791499177.935,8687.3,24024.9,73.4,43464.2,7434.6,36029.5,82.89,
1791499179.936,8673.3,24038.9,73.5,43464.2,7417.9,36046.2,82.93,
1791499181.936,8478.9,24233.2,74.1,43464.2,7206.5,36257.7,83.42,
1791499183.936,8404.2,24308.0,74.3,43464.2,7172.1,36292.1,83.5,
1791499185.937,8476.9,24235.3,74.1,43464.2,7217.3,36246.8,83.39,
1791499187.938,8407.8,24304.4,74.3,43464.2,7145.6,36318.5,83.56,
1791499189.938,8612.0,24100.2,73.7,43464.2,7243.1,36221.1,83.34,
1791499191.939,8504.1,24208.1,74.0,43464.2,7227.3,36236.9,83.37,
1791499193.940,8724.6,23987.5,73.3,43464.2,7442.5,36021.7,82.88,
1791499195.940,8633.5,24078.7,73.6,43464.2,7419.7,36044.5,82.93,
1791499197.941,8539.9,24172.3,73.9,43464.2,7257.0,36207.2,83.3,
1791499199.942,8722.6,23989.6,73.3,43464.2,7427.5,36036.6,82.91,
1791499201.942,8403.3,24308.9,74.3,43464.2,9511.0,33953.1,78.12,
1791499203.943,8714.8,23997.4,73.4,43464.2,9770.3,33693.8,77.52,
1791499205.944,8715.4,23996.8,73.4,43464.2,9740.1,33724.0,77.59,
1791499207.945,8359.6,24352.5,74.4,43464.2,6515.4,36948.8,85.01,
1791499209.945,8207.1,24505.1,74.9,43464.2,5080.9,38383.3,88.31,
1791499211.945,7984.4,24727.7,75.6,43464.2,4935.0,38529.2,88.65,
1791499213.946,7811.5,24900.6,76.1,43464.2,4936.7,38527.4,88.64,
1791499215.947,7805.6,24906.6,76.1,43464.2,4935.5,38528.7,88.64,
1791499217.947,7652.3,25059.9,76.6,43464.2,4935.4,38528.7,88.64,
1791499219.948,7647.1,25065.0,76.6,43464.2,4924.4,38539.8,88.67,
1791499221.948,7474.7,25237.5,77.2,43464.2,4919.3,38544.9,88.68,
1791499223.949,7475.5,25236.6,77.1,43464.2,4920.5,38543.7,88.68,
1791499225.949,6409.1,26303.1,80.4,43464.2,4793.7,38670.5,88.97,
1791499227.950,6536.8,26175.4,80.0,43464.2,4889.5,38574.7,88.75,
1791499229.950,8309.0,24403.2,74.6,43464.2,7220.7,36243.5,83.39,
1791499231.951,21403.1,11309.1,34.6,43464.2,30509.4,12954.8,29.81,
1791499233.951,21406.0,11306.2,34.6,43464.2,30507.2,12957.0,29.81,
1791499235.952,21389.6,11322.5,34.6,43464.2,30492.0,12972.2,29.85,
1791499237.953,21364.3,11347.9,34.7,43464.2,30470.0,12994.2,29.9,
1791499239.953,21375.3,11336.9,34.7,43464.2,30481.5,12982.6,29.87,
1791499241.954,21385.1,11327.1,34.6,43464.2,30491.5,12972.7,29.85,
1791499243.954,21385.8,11326.4,34.6,43464.2,30494.7,12969.5,29.84,
1791499245.955,21383.7,11328.5,34.6,43464.2,30490.1,12974.1,29.85,
1791499247.955,21371.7,11340.5,34.7,43464.2,30470.5,12993.6,29.9,
1791499249.955,21378.0,11334.2,34.6,43464.2,30467.8,12996.4,29.9,
1791499251.956,21384.6,11327.5,34.6,43464.2,30483.5,12980.7,29.87,
1791499253.956,21380.9,11331.3,34.6,43464.2,30470.5,12993.6,29.9,
1791499255.957,21386.7,11325.4,34.6,43464.2,30476.2,12988.0,29.88,
1791499257.957,21367.8,11344.4,34.7,43464.2,30464.8,12999.4,29.91,
1791499259.957,21369.8,11342.4,34.7,43464.2,30475.8,12988.4,29.88,
1791499261.958,21271.8,11440.3,35.0,43464.2,30349.5,13114.7,30.17,
1791499263.958,21059.1,11653.1,35.6,43464.2,29805.1,13659.0,31.43,
1791499265.959,20864.5,11847.7,36.2,43464.2,29189.7,14274.5,32.84,
1791499267.960,20729.7,11982.4,36.6,43464.2,28691.9,14772.2,33.99,
1791499269.960,20692.3,12019.8,36.7,43464.2,28648.4,14815.7,34.09,
1791499271.960,20695.1,12017.1,36.7,43464.2,28651.5,14812.7,34.08,
1791499273.961,20613.3,12098.8,37.0,43464.2,28571.6,14892.6,34.26,
1791499275.961,20538.5,12173.7,37.2,43464.2,28496.4,14967.8,34.44,
1791499277.962,20521.6,12190.6,37.3,43464.2,28476.1,14988.1,34.48,
1791499279.963,20316.3,12395.9,37.9,43464.2,27331.7,16132.4,37.12,
1791499281.963,18045.3,14666.9,44.8,43464.2,24251.3,19212.9,44.2,
1791499283.963,17788.4,14923.8,45.6,43464.2,22470.5,20993.7,48.3,
1791499285.964,17767.1,14945.1,45.7,43464.2,22282.9,21181.3,48.73,
1791499287.964,17688.9,15023.3,45.9,43464.2,21397.0,22067.2,50.77,
1791499289.965,17749.1,14963.1,45.7,43464.2,22838.9,20625.2,47.45,
1791499291.965,17275.4,15436.8,47.2,43464.2,17857.2,25606.9,58.92,
1791499293.966,17222.8,15489.4,47.4,43464.2,14362.0,29102.2,66.96,
1791499295.967,17194.3,15517.8,47.4,43464.2,17921.5,25542.7,58.77,
1791499297.967,17153.7,15558.5,47.6,43464.2,15353.3,28110.9,64.68,
1791499299.968,17021.9,15690.2,48.0,43464.2,21221.3,22242.9,51.18,
1791499301.968,16752.2,15960.0,48.8,43464.2,20876.8,22587.4,51.97,
1791499303.969,16711.6,16000.6,48.9,43464.2,18772.3,24691.9,56.81,
1791499305.969,16686.3,16025.8,49.0,43464.2,17145.8,26318.3,60.55,
1791499307.970,16635.5,16076.6,49.1,43464.2,20732.2,22731.9,52.3,
1791499309.970,16638.4,16073.8,49.1,43464.2,18847.6,24616.6,56.64,
1791499311.971,16592.7,16119.5,49.3,43464.2,17026.4,26437.8,60.83,
1791499313.972,16603.4,16108.8,49.2,43464.2,20443.4,23020.8,52.96,
1791499315.972,16584.0,16128.1,49.3,43464.2,18548.1,24916.1,57.33,
1791499317.973,16579.2,16133.0,49.3,43464.2,16475.6,26988.5,62.09,
1791499319.973,16583.4,16128.8,49.3,43464.2,20012.4,23451.8,53.96,
1791499321.974,16437.8,16274.4,49.8,43464.2,17785.8,25678.4,59.08,
1791499323.974,16470.8,16241.4,49.6,43464.2,20542.2,22922.0,52.74,
1791499325.974,16499.2,16212.9,49.6,43464.2,18849.5,24614.7,56.63,
1791499327.975,16545.9,16166.3,49.4,43464.2,16704.0,26760.2,61.57,
1791499329.975,16566.0,16146.2,49.4,43464.2,20381.9,23082.3,53.11,
1791499331.976,16580.0,16132.1,49.3,43464.2,18439.7,25024.5,57.57,
1791499333.977,16557.6,16154.6,49.4,43464.2,16341.2,27122.9,62.4,
1791499335.977,16571.9,16140.3,49.3,43464.2,19367.2,24097.0,55.44,
